"season","title","rating","number_of_rating","summary"
"Season 1","Human Flesh","7.7","(1,763)"," On top of watching his dysfunctional family crumble around him, Bob faces the wrath of a jealous health inspector who cooks up a nasty rumor about the restaurant's choice of meat.    "
"Season 1","Crawl Space","8.1","(1,566)"," His in-laws are coming into town, and Bob tries desperately to concoct a plan to avoid them for as long as he can. Unfortunately, Bob did not plan to get stuck in the recesses of the family restaurant.    "
"Season 1","Sacred Cow","7.5","(1,363)"," A filmmaker placed a cow outside the restaurant to make a statement, which angers Bob, but his family is confused over how he treats the cow.    "
"Season 1","Sexy Dance Fighting","7.4","(1,308)"," When Tina develops a crush on the new martial arts instructor in town, she joins the class and ends up shirking her responsibilities at the restaurant. Bob finds out what's going on and decides to take matters into his own hands.    "
"Season 1","Hamburger Dinner Theater","7.5","(1,267)"," Linda is dying to relive her dream of becoming a star on Broadway, so she decides to host a dinner theater at the restaurant. But on opening night a shocking surprise leaves Linda with a more chilling production than she planned for.    "
"Season 1","Sheesh! Cab, Bob?","8.3","(1,418)"," Bob takes a second job as a nighttime cab driver so he can give Tina the 13th birthday party she deserves, and he makes some surprising new friends along the ride.    "
"Season 1","Bed & Breakfast","7.6","(1,186)"," Linda gets really excited about opening a Bed and Breakfast to capitalize on the high volume of tourists coming into town, but when the guests start to arrive Louise senses espionage afoot.    "
"Season 1","Art Crawl","7.9","(1,268)"," Linda's eccentric sister Gayle comes to town intending to use the restaurant as a gallery for her paintings during this year's ""Art Crawl."" Bob is left totally oblivious the comically explicit nature of Gayle's artwork until it's too late.    "
"Season 1","Spaghetti Western and Meatballs","7.6","(1,132)"," Bob and Gene bond over spaghetti western movies, which makes Louise jealous.    "
"Season 1","Burger War","7.7","(1,099)"," Bob's landlord has been understanding about the consistent delay in rent, but payment time has come. After getting wind of Bob's financial trouble, Jimmy Pesto faces-off against his mortal enemy by introducing burgers to his own menu.    "
"Season 1","Weekend at Mort's","8.0","(1,133)"," The family has to stay next door at Mort the Mortician's house since the restaurant is infested with mold. Bob and Linda double date with Mort and his mysterious Internet-girlfriend; while Tina entertains her siblings in the crematorium.    "
"Season 1","Lobsterfest","7.6","(1,079)"," Bob is likely the only person in town excited about the cancellation of this years ""Lobsterfest"" due to inclement weather. Bob strikes gold when he opens the restaurant regardless of the storm, and is celebrated by the masses.    "
"Season 1","Torpedo","7.6","(1,082)"," Bob is giddy as ever when his role model, minor league pitcher Torpedo Jones, gives a shout-out to the restaurant during a game, but is blind-sided upon finding out Torpedo endorses his burgers for reasons which are morally shaky at best.    "
"Season 2","The Belchies","8.2","(1,198)"," The kids hunt for treasure in an abandoned taffy factory and Bob and Linda must find them before the factory's scheduled demolition.    "
"Season 2","Bob Day Afternoon","8.6","(1,336)"," A bank robber holds up a bank across the street from Bob's Burgers. When the robbery goes awry, Bob finds himself at the center of a hostage crisis.    "
"Season 2","Synchronized Swimming","7.4","(1,057)"," The Belcher children sign up for an independent study of synchronized swimming in lieu on participating in gym class. Linda disturbingly watches ""pregnant yoga"" and comes to the rescue of her children in the end.    "
"Season 2","Burgerboss","8.2","(1,148)"," Bob becomes a gamer.    "
"Season 2","Food Truckin'","7.8","(1,060)"," Bob gives the food truck business a try.    "
"Season 2","Dr. Yap","7.5","(1,039)"," When a drugged Bob kisses Gayle thinking she's Linda, Gayle develops a crush on him.    "
"Season 2","Moody Foodie","7.7","(1,029)"," A bad review leads to drastic actions.    "
"Season 2","Bad Tina","8.0","(1,083)"," Tina pals around with a bad girl.    "
"Season 2","Beefsquatch","7.7","(1,038)"," Bob gets thrilled when he gets offered to be in a cookery segment in a local morning show. When Gene steps into the limelight, the audience is not entertained and enthralled by Bob's performance.    "
"Season 3","Ear-Sy Rider","8.1","(1,081)"," While a biker gang begins hanging out at the restaurant, Louise goes through a crisis after a teenager steals her bunny ear hat.    "
"Season 3","Full Bars","8.3","(1,082)"," On Halloween, the kids run into bullies when they go trick-or-treating in the rich neighborhood, while Bob and Linda attend a party where someone kills Teddy's pet guinea pig.    "
"Season 3","Bob Fires the Kids","8.0","(1,074)"," Fearing that he is ruining their childhoods, Bob fires the kids from their jobs at the restaurant, but they just end up working for hippies who run a marijuana farm, instead.    "
"Season 3","Mutiny on the Windbreaker","7.5","(994)"," Bob brings the family along when he is hired to be a chef on a docked cruise ship, so they can see his skills outside the restaurant.    "
"Season 3","An Indecent Thanksgiving Proposal","8.2","(1,043)"," In order to entice an old flame who is only attracted to married men, Mr. Fischoeder bribes Bob into letting him pass off Linda and the kids as his own family, but the situation ruins all of Bob's Thanksgiving traditions.    "
"Season 3","The Deepening","7.8","(968)"," Mr. Fischoeder buys a mechanical movie shark as an attraction for his amusement park, but the kids accidentally let it loose on the town, forcing Bob and Teddy to save the day.    "
"Season 3","Tina-Rannosaurus Wrecks","8.3","(1,122)"," Tina is wracked with guilt when Bob forces her to lie about an accident that occurred when he let her drive his car, but a shady insurance adjuster sees through their ploy and blackmails Bob into committing more insurance fraud.    "
"Season 3","The Unbearable Like-Likeness of Gene","7.7","(952)"," An incredibly annoying girl develops a crush on Gene, but he can't bring himself to dump her after he finds out her father has a music studio in their home.    "
"Season 3","Bob Rest Ye Merry Gentle-Mannequins","7.8","(979)"," 'Tis the season for strange holiday mannequins.    "
"Season 3","Mother Daughter Laser Razor","8.0","(994)"," Linda struggles to connect with Louise when they attend a mother-daughter seminar, while Bob takes Tina to get her legs waxed.    "
"Season 3","Nude Beach","7.5","(961)"," It's dingles and dongles and birthday suits.    "
"Season 3","Broadcast Wagstaff School News","8.4","(1,104)"," Tina is on a mission to unmask the middle school and Gene decides to dress up like Bob    "
"Season 3","My Fuzzy Valentine","7.5","(878)"," Bob gets romantic.    "
"Season 3","Lindapendent Woman","7.8","(914)"," Linda quits the restaurant and takes up a job at a grocery store.    "
"Season 3","O.T.: The Outside Toilet","8.2","(1,031)"," Eugene encounters a mysterious talking toilet.    "
"Season 3","Topsy","8.4","(1,104)"," The Belcher kids take on a Thomas Edison fanatic.    "
"Season 3","Two for Tina","8.0","(923)"," Tina finds herself in a love triangle.    "
"Season 3","It Snakes a Village","7.7","(897)"," Bob and the family take a swinging vacation.    "
"Season 3","Family Fracas","7.3","(943)"," The Belchers appear on a television game show.    "
"Season 3","The Kids Run the Restaurant","8.1","(918)"," When Linda takes Bob to the hospital after cutting his finger, the kids turn the basement into an underground casino.    "
"Season 3","Boyz 4 Now","8.5","(1,113)"," Louise is horrified when she develops her first crush.    "
"Season 3","Carpe Museum","8.2","(955)"," A school trip to the museum turns wild for the Belchers.    "
"Season 3","The Unnatural","7.5","(894)"," Gene loses his confidence after playing badly during a baseball game so Linda sends him to a baseball coach.    "
"Season 4","A River Runs Through Bob","7.8","(951)"," Bob and the family face the great outdoors.    "
"Season 4","Fort Night","8.3","(980)"," Tricks and treats and lunatics abound.    "
"Season 4","Seaplane!","7.7","(903)"," Linda is bored by Bob's tired attempts at Date Night and decides to sign up for flying lessons. When Bob won't join her, she becomes the target of ""Upskirt Kurt"", the most charming pilot in the air.    "
"Season 4","My Big Fat Greek Bob","7.5","(878)"," Bob scores a temporary gig as a cook at an ""underdog"" frat house and discovers that he fits right in! Hijinks ensue as Bob and the rest of the fraternity brothers find themselves in the middle of a collegiate prank war that involves the house's most famous alumnus, Dr. Yap. Meanwhile, the kids are on a mission to invade the frat house and get in on the action.    "
"Season 4","Turkey in a Can","8.3","(991)"," Determined to have a perfect Thanksgiving, Bob meticulously prepares the family turkey. But, to his horror, he finds that someone then dumps the turkey in the toilet in an act of Thanksgiving sabotage.    "
"Season 4","Purple Rain-Union","7.5","(847)"," Linda has an upcoming 25 year reunion at Cardinal Gennaro High. Debbie, chairman of the reunion, needs entertainment for the gala. Linda's old band, The Ta Tas, are not even her 3rd choice, but she asks Linda to round up the band: Angie, Patsy, Nancy, and Gayle. Linda does not want to do it: 25 years ago, Bad Hair Day rocked the talent show; and BHD still rocks the pro circuit. The kids egg on Linda until she agrees to perform. Tina plans to babysit, so the kids plan to attend. Like Louise says, who would miss the train wreck of all train wrecks? The kids fail to ...    "
"Season 4","Bob and Deliver","8.2","(860)"," To Tina's delight, Bob becomes the substitute ""Home Ec"" teacher at her school and ends up creating a full-scale restaurant in the classroom. However, her excitement is short-lived as Bob's position causes father/daughter friction. But when Gene and Louise go to work for Bob's ""school"" restaurant, Linda must fend for herself at the family's ""other"" restaurant (aka Bob's Burgers).    "
"Season 4","Christmas in the Car","8.2","(1,000)"," After spending Christmas Eve outrunning a candy cane truck with their last-minute tree, the Belchers find that Bob's friend gets caught in the kids' Santa trap.    "
"Season 4","Slumber Party","8.2","(900)"," Linda decides to invite some of Louise's classmates over for a slumber party without her knowledge. With the prospect of being forced to endure an entire night with people she hates, Louise devises a plan to get all the girls to beg to go home. With the help of Tina and Gene, she starts to try and scare them off, but one is reluctant to go.    "
"Season 4","Presto-Tina-o","7.4","(760)"," Tina becomes a magician's assistant in order to get closer to Jimmy Jr., while Bob becomes the victim of a magician's ""curse.""    "
"Season 4","Easy Com-mercial, Easy Go-mercial","7.5","(766)"," To compete with fellow ""restaurateur,"" Jimmy Pesto, and his blowout Super Bowl event, Bob is determined to create a Bob's Burgers commercial to air during the ""big game."" In an effort to outshine Pesto, the Belchers recruit Randy, a documentarian, to assist with the filmmaking and hire on former pro football star Sandy Frye to be the celebrity endorser.    "
"Season 4","The Frond Files","8.0","(856)"," The Belcher children write fantasy essays about their school that their guidance counselor finds offensive.    "
"Season 4","Mazel Tina","8.1","(854)"," A series of mishaps leave Tina the center of attention at a classmate's Bat Mitzvah she wasn't invited to.    "
"Season 4","Uncle Teddy","8.0","(772)"," Bob and Linda ask Teddy to babysit the kids while they're on a romantic getaway at a Burger Convention. In the process, Teddy earns the title ""Uncle Teddy"" when he puts Tina's crush in his place for using her to get free burgers.    "
"Season 4","The Kids Rob a Train","8.0","(814)"," Bob, Linda, and the kids board a train for a wine tasting while the kids are put in the caboose. The kids sneak out in an attempt to steal the chocolate from the kitchen car while Bob challenges another person on the train to a contest.    "
"Season 4","I Get Psychic Out of You","7.4","(741)"," Linda is believed to be a psychic when she correctly predicts that a telemarketer is calling the restaurant.    "
"Season 4","The Equestranauts","8.1","(858)"," In an homage to the ""Bronies"" subculture, Tina attends her first Equestra-con, a convention based on her favorite animated pony show, ""The Equestranauts."" To her surprise, she finds that the show's fans are middle-aged men (called ""Equesticles""). When a powerful super-fan tricks Tina out of her rare toy pony, it's up to Bob to go undercover to get it back.    "
"Season 4","Ambergris","7.3","(741)"," Gene, Louise, and Tina discover a seaweed-covered object at the beach that turns out to be a large hunk of Ambergris - an extremely valuable, but illegal, by-product of whale poop that is used in high-end perfumes. But Louise tries to cheat Gene and Tina out of the profit she hopes to make by selling the treasure on the black market. Meanwhile, Bob and Linda deal with their psychologically unstable landlord who is building them a new bathroom.    "
"Season 4","The Kids Run Away","8.2","(813)"," Louise has a cavity, but also Dentist phobia. The family have to deal with it.    "
"Season 4","Gene It On","7.3","(739)"," Tina tries out for cheerleading, but a spirited and enthusiastic spectator Gene makes more of an impression.    "
"Season 4","Wharf Horse (or How Bob Saves/Destroys the Town - Part I)","8.1","(822)"," Motivated by the promise of a new beachside burger joint, Bob conspires with Felix to convince Mr. Fischoeder to sell Wonder Wharf. Meanwhile, Tina protests the destruction of the wharf's carousel by chaining herself to it.    "
"Season 4","World Wharf II: The Wharfening (or How Bob Saves/Destroys the Town - Part II)","8.3","(831)"," It's Linda and the kids to the rescue when Felix takes desperate measures, and puts Bob and Mr. Fischoeder in danger.    "
"Season 5","Work Hard or Die Trying, Girl","8.1","(900)"," Gene tries to make one of his dreams a reality when he gets the opportunity to make a musical version of Die Hard at the Wagstaff Fall Festival.    "
"Season 5","Tina and the Real Ghost","7.9","(754)"," Tina begins an out-of-this-world romance with a ghost that is believed to be living in the Belcher's basement.    "
"Season 5","Friends with Burger-fits","7.6","(707)"," Bob becomes Teddy's workout buddy after finding out his burgers contributed to Teddy's bad health. The two enroll in a stuntman boot camp where their friendship is put to the test. Meanwhile, the kids make an ice rink in the freezer, with Linda running their underground ice wrestling league.    "
"Season 5","Dawn of the Peck","8.4","(877)"," While Bob is boycotting the holiday, Linda and the kids spend Thanksgiving at the First Annual Fischoeder Turk-tacular Turkey Town Festival. However, a wild bird attack leads to total mayhem.    "
"Season 5","Best Burger","8.0","(739)"," Bob is in a ""best burger"" competition, but is at risk of losing when an important part of the burger is nowhere to be found.    "
"Season 5","Father of the Bob","7.8","(747)"," At Bob's father's Christmas party, Bob and ""Big Bob"" rehash an old argument and try to outdo each other in the kitchen. Meanwhile, the kids compete to find the best gift for their dad.    "
"Season 5","Tina Tailor Soldier Spy","7.7","(686)"," After being pestered by the kids and a mistake by Gretchen, Linda decides to dye her hair full blonde. Meanwhile, when trying to quit the Thunder Girls Tina is asked to find a mole in the troop.    "
"Season 5","Midday Run","7.6","(671)"," Tina gets Gene and Louise to help ensure she gets a big hall-monitor promotion.    "
"Season 5","Speakeasy Rider","7.7","(680)"," Tina, Gene and Louise are ready to put the pedal to the metal when they join a go-kart league. Meanwhile, at the restaurant Bob and Teddy partner up to serve Teddy's home-brewed beer.    "
"Season 5","Late Afternoon in the Garden of Bob and Louise","7.8","(702)"," In order to become a member of the community garden, Bob must give Louise's enemy a job.    "
"Season 5","Can't Buy Me Math","7.9","(680)"," Tina and Darryl team up to win the Cupid's Couple contest; Linda plans Valentine's Day activities.    "
"Season 5","The Millie-churian Candiate","8.2","(721)"," Desperate to keep Millie from becoming class president and ruining the school, Tina and Louise volunteer to help run Jimmy Junior's campaign.    "
"Season 5","The Gayle Tales","7.8","(732)"," The kids compete to be their Aunt Gayle's companion for the evening.    "
"Season 5","L'il Hard Dad","7.5","(670)"," Bob becomes obsessed with his new automatic helicopter. When it falls apart for no reason, he enters into a battle with the manufacturer in order to receive a refund. Gene assists Bob in his quest, but things quickly get out of hand and end in a crazy helicopter battle. Meanwhile, Louise and Linda help Tina prepare for her oral book report.    "
"Season 5","Adventures in Chinchilla-sitting","7.5","(682)"," Bob and Linda head out on the town for a date - but to Linda's dismay, Bob's idea of romance proves ""trivial."" Meanwhile, a wild chinchilla chase ensues after the school pet that Louis was charged with watching escapes out the front door.    "
"Season 5","The Runway Club","7.8","(676)"," The kids try to escape Saturday detention so they can attend the Cotton Candy Festival.    "
"Season 5","Itty Bitty Ditty Committee","7.6","(649)"," Gene is promptly kicked out of the band he formed with Tina, Louise, Rudy, Peter, and Daryl, and proclaims he is never going to play keyboard again.    "
"Season 5","Eat, Spray, Linda","8.3","(770)"," It's Linda's birthday and Bob needs more time to plan her birthday surprise. But when he sends her out of the house as a distraction, she goes missing. Mayhem ensues as the Belchers must work together to find Linda.    "
"Season 5","Housetrap","8.6","(867)"," When a vicious storm strikes during the Belcher family's vacation at a beach house in Craggy Neck, they find themselves staying with the mysterious owner.    "
"Season 5","Hawk & Chick","8.4","(802)"," Bob and Louise are thrilled when they meet Hawk, the star of their favorite martial arts series, and are quick to offer help upon learning about his family troubles.    "
"Season 5","The Oeder Games","8.7","(834)"," With the threat of a rent increase on Ocean Avenue, Bob and the other tenants rebel. After approaching Fischoeder, the tenants find out that they will have to compete in order to convince him to keep their rents reasonable.    "
"Season 6","Sliding Bobs","7.8","(707)"," When Bob starts to lose his hair, Linda reminisces about his mustache and how it made her fall for him; the kids make up their own versions of how Bob and Linda met.    "
"Season 6","The Land Ship","7.6","(650)"," Bob thinks the upcoming Land Ship parade will increase business -- until he learns two porta-potties will be in front of his restaurant; Tina's friends tell her she is boring.    "
"Season 6","The Hauntening","9.1","(1,210)"," When Louise admits that she has never felt scared before, the family goes to a haunted house in an effort to change but mayhem ensues after their visit.    "
"Season 6","Gayle Makin' Bob Sled","7.6","(715)"," Bob goes to pick up Gayle so she does not miss the Thanksgiving celebration, but gets caught in a snowstorm coming back, leaving Linda to prepare the turkey.    "
"Season 6","Nice-Capades","7.5","(661)"," A grumpy mall Santa threatens to put Gene, Tina and Louise on the naughty list, inspiring them to arrange a musical performance in hopes of changing Santa's mind before Christmas.    "
"Season 6","The Cook, the Steve, the Gayle, & Her Lover","7.9","(661)"," When Bob throws a dinner party, Gayle takes advantage of the opportunity to introduce her new love interest to the family; a long-standing feud is revealed.    "
"Season 6","The Gene and Courtney Show","7.6","(625)"," Gene and Courtney are given the opportunity to be the new hosts of morning announcements, but their romantic history poses challenges; Tina's plan goes awry.    "
"Season 6","Sexy Dance Healing","7.6","(625)"," Bob must take legal action after he slips on the sidewalk and needs to pay for surgery; Jairo promises to heal Bob without doctors; the kids fake a law firm.    "
"Season 6","Sacred Couch","7.2","(678)"," Louise wants the family to get a new couch, but the family votes against it. So she decides to take care of the problem herself.    "
"Season 6","Lice Things Are Lice","7.6","(633)"," When Tina volunteers alongside Nurse Liz, she finds herself involved in the biggest scandal to hit Wagstaff: a lice infestation. Meanwhile, Bob makes improvements to the restaurant that end up driving customers away. Can the Belchers juggle both a crisis at the restaurant and lice?    "
"Season 6","House of 1000 Bounces","7.6","(617)"," The Belcher kids hop into action after news of a bounce house crisis at a birthday party; Bob encounters a guest at the restaurant, fixing him to face a fear.    "
"Season 6","Stand by Gene","8.2","(657)"," When Gene overhears talk about a mystical creature that lives nearby, he leads the Belcher kids and their friends on a journey to find it. Meanwhile, Linda's competitive nature takes over during downtime at the restaurant.    "
"Season 6","Wag the Hog","7.6","(588)"," The Belchers try to help Bob's friend, Critter, after he lands in jail for unpaid parking tickets; Linda takes a job as a babysitter.    "
"Season 6","The Hormone-iums","7.5","(582)"," Tina gets her wish for Wagstaff fame, but soon regrets it. Linda pursues an improbable business venture, but struggles to get it off the ground.    "
"Season 6","Pro Tiki/Con Tiki","7.5","(616)"," Bob's friend Warren comes to visit and makes an offer to invest in the restaurant; Bob is hesitant when he finds out about Warren's interior design ideas.    "
"Season 6","Bye Bye Boo Boo","7.5","(599)"," Louise enters a contest with the hopes that Tina will get to meet Boo Boo from Boyz 4 Now; Bob learns more about the history of the restaurant.    "
"Season 6","The Horse Rider-er","7.8","(621)"," Tina manages to convince her parents to send her to horse camp; but in doing so, she realizes she must end her relationship with her imaginary horse, Jericho.    "
"Season 6","Secret Admiral-irer","7.9","(606)"," Tina's ideas of love and romance are tested when she volunteers at a nursing home to earn her next Thunder Girls badge. Meanwhile, Bob makes new friends who lead him to make some questionable choices.    "
"Season 6","Glued, Where's My Bob?","9.0","(1,063)"," The Belcher children are involved in a goop war prank that takes place on the same day that a journalist is visiting the restaurant to write a profile.    "
"Season 7","Flu-ouise","8.0","(862)"," Louise comes down with the flu and falls into a wild fever dream filled with familiar faces, zany musical numbers and a crazy adventure.    "
"Season 7","Sea Me Now","7.8","(682)"," Teddy tries to impress his ex-wife by organizing a day trip on his newly refurbished boat; Tina attempts to prove she's responsible enough to have a cellphone by taking care Bob's prized eraser.    "
"Season 7","Teen-a-Witch","7.6","(667)"," When Tammy steals her idea for winning the annual Halloween costume contest, Tina turns to witchcraft.    "
"Season 7","They Serve Horses, Don't They?","7.5","(643)"," The Belchers find themselves involved in a full-blown investigation when Bob secures a new meat provider who claims to save money on every order.    "
"Season 7","Larger Brother, Where Fart Thou?","8.0","(679)"," Gene and Louise are left home alone when Tina ends up in detention, while Bob and Linda get into trouble with their accountant.    "
"Season 7","The Quirk-ducers","8.0","(656)"," The Belcher kids produce their own version of the annual Thanksgiving play and Linda finds a potato that resembles her late grandfather.    "
"Season 7","The Last Gingerbread House on the Left","8.2","(712)"," Bob gets involved in a gingerbread house competition with Mr. Fischoeder and his friends while Linda, Teddy and the kids spread Christmas cheer through caroling.    "
"Season 7","Ex Mach Tina","7.9","(648)"," After hurting her ankle, Tina enrolls in a program that enables her send a robot of herself to school and the robot gives her an unexpected breakthrough with Jimmy Jr.    "
"Season 7","Bob Actually","8.5","(781)"," With Valentine's Day around the corner, the kids find themselves in love-caused chaos and Bob comes up with a romantic gesture to impress Linda.    "
"Season 7","There's No Business Like Mr. Business Business","7.6","(608)"," Bob is skeptical about Gayle's cat Mr. Business having a career in showbiz, until it looks like the cat could have his big break.    "
"Season 7","A Few 'Gurt Men","8.1","(622)"," Louise finds herself in a predicament when she is told that she will be representing one of her biggest enemies at Wagstaff during a mock-trial.    "
"Season 7","Like Gene for Chocolate","7.4","(566)"," Gene learns that the formula for his favorite chocolate has changed, so he works with the head of the company to fix the problem. In the meantime, Bob gets wrapped up in one of Teddy's not-so-perfect plans.    "
"Season 7","The Grand Mama-Pest Hotel","7.5","(579)"," Linda chaperones Tina's weekend at a heroine convention, while Gene and Louise spend the weekend with Bob.    "
"Season 7","Aquaticism","7.6","(589)"," The Belcher kids hatch a plan to save the aquarium from closure, while Bob learns a few things about Linda's customer service skills.    "
"Season 7","Ain't Miss Debatin'","8.0","(598)"," Tina is recruited for the debate team, while Gene and Louise make a stop motion film centered on a surprising subject matter.    "
"Season 7","Eggs for Days","8.2","(621)"," At the annual Easter egg hunt, Bob and Linda have a little too much fun hiding the eggs, so the Belchers race to find the one egg rotting in its hiding place.    "
"Season 7","Zero Larp Thirty","7.7","(591)"," Linda wins a contest to spend a weekend at the home where her favorite TV show is filmed, but it doesn't quite go as planned.    "
"Season 7","The Laser-inth","8.1","(621)"," Bob and Gene go to the last-ever rock-and-roll laser show at the planetarium while Linda and the girls go out to dinner at a wacky restaurant.    "
"Season 7","Thelma & Louise Except Thelma Is Linda","8.2","(583)"," Linda could lose her position as the leader of the Wagstaff bake sale when Louise gets in trouble at school.    "
"Season 7","Mom, Lies and Videotapes","7.8","(572)"," Linda catches a cold just before the Mother's Day show at Wagstaff.    "
"Season 7","Paraders of the Lost Float","7.6","(566)"," Teddy talks Bob into entering the Bog to Beach parade even though the forecast calls for rain.    "
"Season 7","Into the Mild","7.6","(547)"," Bob realizes his dream of being an outdoorsman when the wilderness equipment store has a going out of business sale; Linda and the kids spend the night watching Aunt Gayle rehearse for her one-woman show.    "
"Season 8","Brunchsquatch","7.8","(946)"," Bob decides to serve brunch to compete with Jimmy Pesto; the Belcher kids help Mr. Fischoeder's brother hide from him.    "
"Season 8","The Silence of the Louise","8.1","(661)"," Louise enlists Millie's help to find the culprit who attacked Mr. Frond's therapy dolls.    "
"Season 8","The Wolf of Wharf Street","8.0","(634)"," On Halloween night, Linda tries to impress the kids by taking them to look for a wolf that has been terrorizing the town. Meanwhile, an injured and medicated Bob believes that Teddy has turned into a werewolf.    "
"Season 8","Sit Me Baby One More Time","7.8","(609)"," Tina starts a babysitting franchise that goes off the rails when Tammy is hired to work with her.    "
"Season 8","Thanks-hoarding","7.8","(605)"," The Belchers discover that Teddy is a secret hoarder when they reluctantly agree to pitch in for Thanksgiving with his family.    "
"Season 8","The Bleakening","8.3","(817)"," Linda wants to add some extra cheer to the holidays by throwing a holiday party. After her ornaments are stolen, Linda interrogates her guests. The children think it was ""The Bleaken"".    "
"Season 8","V for Valentine-detta","8.2","(718)"," Tina has a rough break up on Valentine's Day, so Linda and Louise take her on a girls' night out, while Bob and Gene have a trapeze experience that brings them closer.    "
"Season 8","Y Tu Ga-Ga Tambien","7.6","(562)"," Gene disapproves of a new playground game; Linda fills in for the local library storyteller.    "
"Season 8","The Secret Ceramics Room of Secrets","7.7","(527)"," The kids are tasked with giving their grandma homemade gifts for her birthday and set out to find a secret ceramics room that, according to urban legend, has been boarded up for years.    "
"Season 8","Sleeping with the Frenemy","7.5","(519)"," Tina allows Tammy to stay with the Belchers during Spring Break and fixes her up with a boy from out of town.    "
"Season 8","The Hurt Soccer","8.0","(577)"," The Belchers sign Louise up for a soccer league and must help her train for the last game of the season.    "
"Season 8","Cheer Up Sleepy Gene","7.6","(526)"," Gene is nervous about going to his first sleepover and realizes he had a right to be when things don't go as planned.    "
"Season 8","The Trouble with Doubles","7.9","(541)"," Bob and Linda get trapped in an Escape Room while on a double date with another couple. Meanwhile, Louise hosts a zombie-movie night, but Tina takes charge when the zombies prove to be too scary.    "
"Season 8","Go Tina on the Mountain","7.7","(514)"," Tina befriends a hermit living in the woods when she, Gene and Louise go to Outdoor Education; Bob and Linda see what it's like to be empty-nesters.    "
"Season 8","Are You There Bob? It's Me, Birthday","7.8","(506)"," Linda and the kids try to put together a last-minute surprise party when they forget Bob's birthday, but to do so, Linda asks Hugo to take Bob with him on his restaurant health inspections.    "
"Season 8","Boywatch","7.4","(506)"," Tina joins the Junior Lifeguards, but she struggles with the training, prompting one of her fellow junior guards to try and make her quit.    "
"Season 8","As I Walk Through the Alley of the Shadow of Ramps","7.7","(527)"," Louise gets into a turf war with a juice truck owner trying to set up shop in the Belcher's alley; Linda realizes she can't always come to her sister's defense.    "
"Season 8","Mo Mommy Mo Problems","7.7","(506)"," On Mother's Day, the Belchers wind up in a real estate scheme when attend open houses for free food and Linda meets a charming real estate agent.    "
"Season 8","Mission Impos-Slug-Ble","7.5","(497)"," Louise devises a plan to get her extensive Burobu card collection back after it's confiscated at school.    "
"Season 8","Something Old, Something New, Something Bob Caters for You","8.2","(572)"," The Belchers cater a wedding for a couple who fell in love at the restaurant.    "
"Season 9","Just One of the Boyz 4 Now for Now","7.6","(772)"," Convinced she's met the love of her life, Tina decides to disguise herself as a boy and sneak into the Boyz 4 Now auditions to find him. Back at the restaurant, Teddy asks the rest of the Belcher gang to nurse his baby rat back to health.    "
"Season 9","The Taking of Funtime One Two Three","8.5","(681)"," With help from Mr. Fischoeder, the Belcher kids devise a master plan to win the grand prize dune buggy at their local arcade; Teddy promises Bob and Linda fresh eggs if they take in a chicken.    "
"Season 9","Tweentrepreneurs","7.7","(543)"," Tina, Louise, and Gene get a taste of business when they join the school's Tweentrepeneurs club. Back at the restaurant, Bob and Linda find themselves outsmarted by a dine-and-dasher.    "
"Season 9","Nightmare on Ocean Avenue Street","8.1","(585)"," The Belcher kids set out to find the culprit who's snatching everyone's candy bags on Halloween night. Meanwhile, Teddy gets carried away when he decorates the restaurant to compete with another handyman on the street.    "
"Season 9","Live and Let Fly","7.4","(514)"," The Belcher kids' revenge plan against the school counselor gets them involved in a sibling rivalry between two pilots. Meanwhile Teddy invites Bob and Linda to a paper airplane contest.    "
"Season 9","Bobby Driver","8.0","(585)"," Bob drives a professional quilter around town when she talks him into joining her revenge plot; the kids attend a Gatsby-themed birthday party; Linda helps Teddy expand his taste palate.    "
"Season 9","I Bob Your Pardon","7.7","(510)"," The Belchers try to save a turkey from the slaughterhouse.    "
"Season 9","Roller? I Hardly Know Her!","7.3","(501)"," Gene is upset with his best friend ditching him for Courtney as a roller-dancing partner; Teddy, Linda and Bob discover someone stalking the restaurant.    "
"Season 9","UFO No You Didn't","7.4","(500)"," Tina and her new science partner create a device that allows them to communicate with aliens, but their excitement turns to fear when they receive a dangerous warning message. Meanwhile, Bob attempts to sell mini coat racks he bought.    "
"Season 9","Better Off Sled","8.1","(551)"," The Belcher kids get into a turf war with teenagers who take their usual sledding territory; Bob tries to help Linda knit three scarves before Christmas.    "
"Season 9","Lorenzo's Oil? No, Linda's","7.5","(504)"," Linda's new friend introduces her to essential oils and Aunt Gayle is convinced she must be rescued. Meanwhile, Bob and Teddy are bamboozled into performing a series of annoying favors for Mr. Huggins.    "
"Season 9","The Helen Hunt","7.9","(546)"," The Belchers help Teddy find his dream girl, but Tina believes she's found a better match for him.    "
"Season 9","Bed, Bob & Beyond","7.2","(573)"," A Valentine's Day fight between Bob and Linda has the kids feeling confused. After a failed attempt to see a movie, it's up to Tina, Louise and Gene to tell their own story as a distraction from the awkward tension.    "
"Season 9","Every Which Way but Goose","7.5","(485)"," Tina, discouraged by not being asked to prom by Jimmy Jr., forms an unhealthy attachment to a goose from the nearby park. Meanwhile, Linda joins a dating app to help Gretchen find a match.    "
"Season 9","The Fresh Princ-ipal","8.1","(512)"," Things get out of hand when Louise wins a contest to be Principal for a Day. Meanwhile, Teddy attempts to help Bob when he suddenly finds himself unable to flip burgers.    "
"Season 9","Roamin' Bob-iday","7.9","(553)"," Bob winds up working at a local sandwich shop when the family forces him to take a day off; a last-minute baby shower is thrown for a female biker group.    "
"Season 9","What About Blob?","7.3","(463)"," Gene convinces Tina and Louise to help him save a misunderstood plankton blob from being destroyed by a yacht club.    "
"Season 9","If You Love It So Much, Why Don't You Marionette?","7.2","(494)"," On a school field trip, the kids visit a marionette theater, where Louise gets on the owner's bad side; Bob takes pity on a guy handing out flyers outside the restaurant.    "
"Season 9","Long Time Listener, First Time Bob","7.2","(460)"," The Belchers get in over their heads when they try to help Bob's personal hero, a renegade radio DJ, make a comeback.    "
"Season 9","The Gene Mile","7.6","(459)"," The kids plan to sneak away from a mandatory mile for school on free-ice-cream-day; Bob and Linda try to get discount tickets to a show at the Wharf Arts Center.    "
"Season 9","P.T.A It Ain't So","7.3","(453)"," Linda joins the P.T.A.; Bob tries to cheer up a hardware store owner whose pet parrot flew away.    "
"Season 9","Yes Without My Zeke","7.4","(445)"," The Belcher kids and Jimmy Jr. try to help Zeke when he gets into trouble, but Tina wants Jimmy Jr.'s butt all to herself; Randy rents out Bob's Burgers to shoot an independent short film.    "
"Season 10","The Ring (But Not Scary)","8.2","(575)"," The kids get involved in Bob's plan to surprise Linda for their anniversary.    "
"Season 10","Boys Just Wanna Have Fungus","7.5","(489)"," Bob and Gene try to acquire a rare mushroom for a Burger of the Day; Tina thinks her new prescription glasses have given her a superpower.    "
"Season 10","Motor, She Boat","7.3","(461)"," Bob and Tina participate in a father-daughter cardboard boat race; Linda takes Gene and Louise to a fire station open house.    "
"Season 10","Pig Trouble in Little Tina","7.4","(502)"," Things get spooky when Tina dissects a fetal pig in science class; Bob and Linda battle a giant ball of earwax.    "
"Season 10","Legends of the Mall","7.7","(473)"," On a trip to the mall, Tina is mistaken for someone's girlfriend, Gene and Louise are turned loose on motorized animals, Linda disrupts a book reading and Bob shops for acceptable pants.    "
"Season 10","The Hawkening: Look Who's Hawking Now","7.2","(427)"," Bob and Louise host an exclusive screening of a ""Hawk and Chick"" movie at the restaurant, but the actor who plays Hawk throws a wrench into their plans for mysterious reasons.    "
"Season 10","Land of the Loft","7.7","(440)"," Bob and Linda attend a loft party on a stormy night while the kids challenge their babysitter and face the storm in an ice cream truck.    "
"Season 10","Now We're Not Cooking with Gas","8.2","(478)"," Bob is willing to do whatever it takes to cook a rare, heritage turkey when the gas goes out on Thanksgiving.    "
"Season 10","All That Gene","6.8","(472)"," Gene auditions for a small role in a local theater production, then discovers that Linda talked the director into giving him the part.    "
"Season 10","Have Yourself a Maily Linda Christmas","7.5","(447)"," Linda works a temp job at the post office to make extra money for the holidays; Bob and Tina get stuck at home with Linda's family; Gene and Louise try to find the perfect gift for Tina.    "
"Season 10","Drumforgiven","7.2","(412)"," Louise comes to Gene's defense when he gets kicked out of the Ocean Avenue Hifi Emporium.    "
"Season 10","A Fish Called Tina","7.4","(418)"," Tina tries too hard to be a perfect mentor; Bob and Linda visit the gym next door.    "
"Season 10","Three Girls and a Little Wharfy","7.4","(414)"," In spite of her skepticism, Louise joins the search for a mythic sea monster; Bob takes a famous chef's online master class.    "
"Season 10","Wag the Song","7.2","(390)"," Tina competes with Gene and Louise to write a new school song for Wagstaff; Jimmy Pesto's new steel awning creates a blinding glare for Bob and Linda.    "
"Season 10","Flat-Top O' the Morning to Ya","7.2","(386)"," Bob and the kids help a down-on-his-luck restaurant owner while Linda and Teddy celebrate St. Patrick's Day.    "
"Season 10","Yurty Rotten Scoundrels","6.9","(420)"," Linda goes to Gayle's artists' workshop in a yurt; Louise and Gene search for a lost cat to collect a cash reward.    "
"Season 10","Just the Trip","7.6","(411)"," The Belchers go on a road trip with Nat the limo driver.    "
"Season 10","Tappy Tappy Tappy Tap Tap Tap","7.1","(370)"," Tina suspects sabotage when Josh gets injured on-stage in a tap show.    "
"Season 10","The Handyman Can","7.1","(401)"," The Belcher kids try to help Teddy when he doubts his abilities as a handyman.    "
"Season 10","Poops!... I Didn't Do It Again","7.8","(428)"," Louise must confront her fear of pooping in public on an overnight school trip to the aquarium; Linda enlists the rest of the family to make a video for her parents' anniversary.    "
"Season 10","Local She-ro","6.9","(389)"," Linda ends up on the trail of a legendary local singer while showing Tina what's great about their town; Teddy asks Bob for help arguing with a sports radio host.    "
"Season 10","Prank You for Being a Friend","7.5","(393)"," Louise gives a classmate lessons on pulling pranks; Bob is reluctant to bring Jimmy Pesto his hernia medication.    "
"Season 11","Dream a Little Bob of Bob","7.6","(503)"," Bob goes on a quest to find a misplaced key to a lock box; Tina tries to learn a hand-slapping song that everyone else can do.    "
"Season 11","Worms of In-Rear-Ment","7.3","(489)"," A pinworm epidemic thwarts Linda's attempt to take the family to the symphony on free admission night.    "
"Season 11","Copa-Bob-Bana","7.3","(417)"," Bob agrees to be the temporary chef at the Fischoeders' new nightclub; the kids throw a pool party in the restaurant basement when they get a hold of a stock tank.    "
"Season 11","Heartbreak Hotel-oween","7.5","(432)"," The kids meet a mysterious old woman at a hotel on Halloween as Louise plots her revenge for a candy transgression; Bob and Linda donate blood at a vampire-themed blood mobile.    "
"Season 11","Fast Time Capsules at Wagstaff School","7.2","(400)"," Tina makes enemies with Tammy when she's put in charge of the Wagstaff School time capsule project; Bob teases Linda for not being able to whistle.    "
"Season 11","Bob Belcher and the Terrible, Horrible, No Good, Very Bad Kids","8.0","(441)"," The Belchers try to keep the restaurant open when Bob's flattop breaks on the morning of the Ocean Avenue Business Association's Ocean Fest.    "
"Season 11","Diarrhea of a Poopy Kid","7.4","(434)"," The family tries to cheer up Gene when a stomach flu makes him unable to eat Thanksgiving dinner.    "
"Season 11","The Terminalator II: Terminals of Endearment","7.9","(434)"," When Linda's parents have a layover at a nearby airport, she and Bob decide to make it their annual ""visit"".    "
"Season 11","Mommy Boy","7.0","(419)"," Gene becomes jealous when Linda joins a women's business group; Louise and Tina want to learn how to fight.    "
"Season 11","Yachty or Nice","7.6","(396)"," Bob wonders if there's a catch to the Belchers being invited to cater the Glencrest Yacht Club's holiday boat parade; Louise has her eye on the Santa Schooner.    "
"Season 11","Romancing the Beef","8.0","(413)"," Louise convinces Bob and Linda to cash in on the Valentine's Day dinner business, forcing them to put their plans on hold; Tina attends Tammy's Anti-Valentine's Day party.    "
"Season 11","Die Card, or Card Trying","7.8","(407)"," Linda drags Bob and the kids into her efforts to take the best family picture ever.    "
"Season 11","An Incon-wheelie-ent Truth","7.5","(376)"," On a trip to the flea market, Bob and Linda are haunted by a lie they told the kids about what happened to their beloved stuffed animal, Wheelie Mammoth.    "
"Season 11","Mr. Lonely Farts","7.3","(376)"," Gene is left home alone when Linda and Tina go to the shoe store, while Bob, Louise and Teddy buy restaurant equipment from a creepy guy Bob found on the internet.    "
"Season 11","Sheshank Redumption","7.5","(359)"," Linda's new diet and exercise routine gives her gastrointestinal disorder on parent-teacher-student conference day.    "
"Season 11","Y Tu Tina También","7.6","(384)"," Tina develops an unexpected crush when she must listen to Spanish audio lessons to improve her grade; Louise and Gene hope to dunk Mr. Frond at the Wagstaff Spring Fair.    "
"Season 11","Fingers-Loose","7.3","(402)"," Tina faces a crisis as hall monitor when she finds a new passion for an underground trend at Wagstaff that Mr. Frond is out to stop; Bob and Linda try to help Teddy sneak food into a movie theater.    "
"Season 11","Some Kind of Fender Benderful","6.9","(382)"," Bob gets into a four-car fender bender outside the restaurant and finding out who's at fault proves to be harder than he thought.    "
"Season 11","Bridge Over Troubled Rudy","7.1","(321)"," Louise ropes Tina and Gene into her journey to see Rudy's model bridge that explodes; Mort tries to teach Bob, Linda and Teddy how to meditate.    "
"Season 11","Steal Magazine-olias","7.2","(334)"," The Belcher kids get into a cat-and-mouse game with Dr. Yap when he catches them stealing something in the waiting room of his office; Bob, Linda and Teddy try to clean bird poop off the restaurant window.    "
"Season 11","Tell Me Dumb Thing Good","6.8","(326)"," Linda recruits the kids in her fight to save a dumb local tradition; Bob is entranced by an online cucumber.    "
"Season 11","Vampire Disco Death Dance","7.5","(356)"," Tina invites her friends to see an old campy vampire sing-along movie with her and Bob; Linda opens a restaurant for raccoons in the alley.    "
"Season 12","Manic Pixie Crap Show","7.4","(413)"," Louise must attend the Pixie Princess Promenade to pay Millie a debt; a bouquet shaped like a dog forces Linda to face her past.    "
"Season 12","Crystal Mess","7.4","(360)"," When Tina gets nervous about an oral report, Mr. Frond lends her a crystal his girlfriend claims has special powers; Bob and Linda purchase a box of imperfect produce and try to use it all before it goes bad.    "
"Season 12","The Pumpkinening","7.5","(385)"," Linda receives a mysterious note on Halloween and must go to her old hometown with Gayle to answer for a misdeed they committed 27 years ago.    "
"Season 12","Driving Big Dummy","7.8","(385)"," Bob goes on a road trip with Teddy; Linda and the kids compete to be Employee of the Day.    "
"Season 12","Seven-tween Again","7.2","(358)"," Gene freaks out about growing up and tries to stay young; Linda considers trying the new hair salon next to the restaurant, but fears the wrath of her hairdresser-slash-friend Gretchen.    "
"Season 12","Beach, Please","7.5","(389)"," Louise and Mr. Fischoeder engage in a battle of wits when the Belcher kids take part in a beach clean-up for Wagstaff Volunteer Day; Teddy surprises Bob and Linda with his new look.    "
"Season 12","Loft in Bedslation","7.6","(354)"," Linda and Tina try to help Louise build a bed loft in one day; Bob and Gene host a tabletop role-playing game.    "
"Season 12","Stuck in the Kitchen with You","7.6","(341)"," Louise gets stuck helping Bob cook Thanksgiving dinner for a retirement home; Tina and Gene assist Zeke with entertaining the residents.    "
"Season 12","FOMO You Didn't","7.1","(330)"," Tina becomes obsessed with her schoolmates ditching class during a photography assignment; the Belchers are visited by a woman who used to live in their apartment.    "
"Season 12","Gene's Christmas Break","7.3","(356)"," Gene breaks an extremely rare Christmas record from the '70s, so he and his sisters search for another copy; Teddy tries to do a neighborhood Secret Santa with Bob and Linda.    "
"Season 12","Touch of Eval(uations)","7.8","(349)"," Louise discovers that Mr. Frond's plan to have the students evaluate the teachers shifts the balance of power from the teachers to the children; Bob and Linda can't agree on their final resting place.    "
"Season 12","Ferry on My Wayward Bob and Linda","7.3","(331)"," Bob and Linda are invited to a Valentine's Day dinner at a fancy restaurant on Kingshead Island; the kids attempt to get past Jen the babysitter so they can have cheap Valentine's Day candy.    "
"Season 12","Frigate Me Knot","7.4","(312)"," Teddy is forced to face his past when Linda encourages him to attend a farewell ceremony for the ship on which he served in the Navy.    "
"Season 12","Video Killed the Gene-io Star","6.9","(324)"," Gene reluctantly agrees to star in a music video for Courtney; Teddy and Linda are obsessed with a mysterious customer at the restaurant.    "
"Season 12","Ancient Misbehavin","7.6","(315)"," Louise, Millie, and Rudy plot revenge on a teacher after feeling slighted during a special Ancient Greece unit; Bob gets his own room.    "
"Season 12","Interview with a Pop-pop-pire","6.7","(327)"," The Belchers tell their own versions of an infamous tree incident in the early years of Big Bob as they await his arrival so Tina can interview him for a school project during dinner.    "
"Season 12","The Spider House Rules","7.1","(286)"," Louise hides a house spider in her room after being told to get rid of it; Bob tries to make a friend outside of the people who come to the restaurant.    "
"Season 12","Clear and Present Ginger","7.1","(292)"," Linda plans a big day for her friend Ginger's visit; Bob and the kids help Nat with a limo competition.    "
"Season 12","A-Sprout a Boy","6.8","(272)"," Gene becomes obsessed with an old handheld game, so Bob offers to help him with a school project in the hope of steering him towards more interesting pursuits; Louise and Tina take over a grocery store kiddie ride.    "
"Season 12","Sauce Side Story","7.4","(284)"," Louise, Gene and Tina must navigate an old family feud when they attempt to find a lost family recipe for a Mother's Day gift for Linda.    "
"Season 12","Some Like It Bot Part 1: Eighth Grade Runner","8.2","(392)"," After Tammy and Jocelyn ridicule her new shirt, Tina turns to her erotic friend-fiction and writes about a futuristic world where she's a robot.    "
"Season 12","Some Like It Bot Part 2: Judge-bot Day","7.6","(308)"," Tina embarks on a mission that could get her into trouble and the family tries to stop her when they read her erotic friend fiction.    "
